{"count":1,"self":14.0154448,"total":14.107041299999999,"children":{"AgentResetIfDone":{"count":761,"self":0.0069612,"total":0.0069612,"children":null},"AgentSendState":{"count":761,"self":0.0019943,"total":0.0029950999999999997,"children":{"CollectObservations":{"count":8,"self":0.0010008,"total":0.0010008,"children":null}}},"DecideAction":{"count":761,"self":0.0069685,"total":0.0069685,"children":null},"AcademyStep":{"count":761,"self":0,"total":0,"children":null},"AgentAct":{"count":761,"self":0.0726714,"total":0.0726714,"children":null}}}