{"count":1,"self":12.091856799999999,"total":12.125867399999999,"children":{"AgentResetIfDone":{"count":654,"self":0.0109771,"total":0.0109771,"children":null},"AgentSendState":{"count":654,"self":0.0009988,"total":0.0039997,"children":{"CollectObservations":{"count":262,"self":0.0030009,"total":0.0030009,"children":null}}},"DecideAction":{"count":654,"self":0.0040225999999999994,"total":0.0040225999999999994,"children":null},"AcademyStep":{"count":654,"self":0.0010000999999999999,"total":0.0010000999999999999,"children":null},"AgentAct":{"count":654,"self":0.0130116,"total":0.0130116,"children":null}}}