{"count":1,"self":33.6541664,"total":34.2645711,"children":{"AgentResetIfDone":{"count":1432,"self":0.0040024,"total":0.0040024,"children":null},"AgentSendState":{"count":1432,"self":0.0110088,"total":0.0310141,"children":{"CollectObservations":{"count":1719,"self":0.0200053,"total":0.0200053,"children":null}}},"DecideAction":{"count":1432,"self":0.54739189999999993,"total":0.54739189999999993,"children":null},"AcademyStep":{"count":1432,"self":0.0069919,"total":0.0069919,"children":null},"AgentAct":{"count":1432,"self":0.020006899999999998,"total":0.020006899999999998,"children":null}}}